Station,Avg_Cycle_Time
STN-08,60.573097949886105
STN-05,60.25574074074074
STN-01,60.2026213592233
STN-02,59.837353689567436
STN-10,59.720454545454544
STN-06,59.54136956521739
STN-03,59.53400921658986
STN-04,59.43104325699746
STN-09,59.37234693877551
STN-07,58.9856511627907
