mean,std,p25,p50,p75
59.74932073666587,10.936645362600672,53.2,60.01,66.81
