Defect,Count,Pct,CumPct
Repair,1379,0.3298254006218608,0.3298254006218608
Reject,1351,0.32312843817268594,0.6529538387945467
Unknown,920,0.22004305190145898,0.8729968906960057
OK,266,0.06362114326716097,0.9366180339631667
NA,265,0.0633819660368333,1.0
