Station,Avg_Cycle_Time,Balance_Index
STN-08,60.573097949886105,1.0138542806479864
STN-05,60.25574074074074,1.008542451207585
STN-01,60.2026213592233,1.0076533549889732
STN-02,59.837353689567436,1.0015396146818605
STN-10,59.720454545454544,0.9995829919949872
STN-06,59.54136956521739,0.9965855215013464
STN-03,59.53400921658986,0.9964623262015244
STN-04,59.43104325699746,0.9947389129631897
STN-09,59.37234693877551,0.9937564716567068
STN-07,58.9856511627907,0.9872840741558385
