Line,Planned,Actual,Plan_Adherence
BODY-1,67621,64370,0.9519232191183212
GA-1,69191,65786,0.9507883973349135
GA-2,68858,65772,0.9551831305004502
PAINT-1,64192,61466,0.9575336490528414
