Supplier,Total,Defects,PPM
SUP-01,1379,900,652646.8455402466
SUP-02,1398,926,662374.8211731045
SUP-09,1404,904,643874.6438746438
