Line,Adherence_Rate,Avg_Takt,Avg_Cycle_Time
BODY-1,0.8541468064823642,75.82763942989178,60.11129647283127
GA-1,0.8598130841121495,75.54147384083542,59.8205046728972
GA-2,0.8568755846585594,75.86634187574997,59.6622825070159
PAINT-1,0.8741188318227593,75.6544046588924,59.38392749244713
