Line,Total_Output,Total_Target,Events,WIP_Proxy,Throughput_Ratio
BODY-1,64370,67621,1049,1049,0.9519232191183212
GA-1,65786,69191,1070,1070,0.9507883973349135
GA-2,65772,68858,1069,1069,0.9551831305004502
PAINT-1,61466,64192,993,993,0.9575336490528414
